pump site A;pump site B;pump site C;pump site D
21.213;21.213;21.213;21.213
21.213;21.213;21.213;21.213
21.213;21.213;21.213;21.213
21.213;21.213;21.213;21.213
21.213;21.213;21.213;21.213
21.213;21.213;21.213;21.213
21.213;21.213;21.213;21.213
21.213;21.213;21.213;21.213
21.213;21.213;21.213;21.213
21.213;21.213;21.213;21.213
21.213;21.213;21.213;21.213
21.213;21.213;21.213;21.213
21.213;21.213;21.213;21.213
21.213;21.213;21.213;21.213
21.213;21.213;21.213;21.213
21.213;21.213;21.213;21.213
21.213;21.213;21.213;21.213
21.213;21.213;21.213;21.213
21.213;21.213;21.213;21.213
21.213;21.213;21.213;21.213
21.213;21.213;21.213;21.213
21.213;21.213;21.213;21.213
21.213;21.213;21.213;21.213
21.213;21.213;21.213;21.213
21.213;21.213;33.8514;21.213
21.213;21.213;33.8514;21.213
21.213;21.213;33.8514;21.213
21.213;21.213;33.8514;21.213
21.213;21.213;33.8514;21.213
21.213;21.213;33.8514;21.213
21.213;21.213;33.8514;21.213
21.213;21.213;35.8426;21.213
21.213;21.213;35.8426;21.213
21.213;21.213;35.8426;21.213
21.213;21.213;35.8426;21.213
21.213;21.213;35.8426;21.213
21.213;21.213;36.5794;21.213
21.213;21.213;36.5794;21.213
21.213;21.213;36.5794;21.213
21.213;21.213;36.5794;21.213
21.213;21.213;36.5794;21.213
21.213;21.213;36.5794;21.213
21.213;21.213;36.5794;21.213
21.213;21.213;36.5794;21.213
21.213;21.213;36.5794;21.213
21.213;21.213;36.8383;21.213
21.213;21.213;38.8529;21.213
21.213;21.213;40.0733;21.213
21.213;21.213;40.107;21.213
21.213;21.213;41.0091;21.213
21.213;21.213;41.0091;21.213
21.213;21.213;43.4923;21.213
21.213;21.213;45.9935;21.213
21.213;21.213;46.297;21.213
21.213;21.213;47.4724;21.213
21.213;21.213;47.4724;21.213
21.213;21.213;47.4724;21.213
21.213;21.213;47.4724;21.213
21.213;21.213;48.623;21.213
21.213;21.213;48.6292;21.213
21.213;21.213;49.0038;21.213
21.213;21.213;49.0204;21.213
21.213;21.213;49.6862;21.213
21.213;21.213;49.6862;21.213
21.213;21.213;50.3669;21.213
21.213;21.213;50.7771;21.213
21.213;21.213;50.7771;21.213
21.213;21.213;51.41;21.213
21.213;21.213;51.4858;21.213
21.213;21.213;52.338;21.213
21.213;21.213;53.7639;21.213
21.213;21.213;53.9497;21.213
21.213;21.213;54.7596;21.213
21.213;21.213;54.8177;21.213
21.213;21.213;54.8177;21.213
21.213;21.213;54.9828;21.213
21.213;21.213;55.8257;21.213
21.213;21.213;57.0054;21.213
21.213;21.213;59.12;21.213
21.213;21.213;59.2744;21.213
21.213;21.213;59.4968;21.213
21.213;21.213;61.3879;21.213
21.213;21.213;61.4746;21.213
21.213;21.213;62.1971;21.213
21.213;21.213;62.3869;21.213
21.213;21.213;64.2544;21.213
21.213;21.213;64.4132;21.213
21.213;21.213;64.56;21.213
21.213;21.213;67.5653;21.213
21.213;21.213;67.7028;21.213
21.213;21.213;72.0591;21.213
21.213;21.213;72.4047;21.213
21.213;21.213;73.8103;21.213
21.213;21.213;75.0658;21.213
21.213;21.213;75.9028;21.213
21.213;21.213;76.1489;21.213
21.213;21.213;77.4062;21.213
21.213;21.213;77.6679;21.213
21.213;21.213;78.5279;21.213
21.213;21.213;80.4268;21.213
21.213;21.213;80.9205;21.213
21.213;21.7;81.8117;21.213
21.213;26.41;82.6218;21.213
21.213;31.1884;82.7845;21.213
21.213;31.1884;82.7845;21.213
21.213;31.1884;83.3111;21.213
21.213;31.1884;84.6265;21.213
21.213;31.1884;85.185;21.213
21.213;33.001;87.5926;21.213
21.213;33.001;89.5771;21.213
21.213;33.001;91.1016;21.213
21.213;33.001;92.471;21.213
21.213;33.001;93.6708;21.213
21.213;33.001;96.0754;21.213
21.213;33.001;99.1404;21.213
21.213;33.171;99.3134;21.213
21.213;33.1992;102.8702;21.213
21.213;33.1992;104.2128;21.213
21.213;33.1992;105.7486;21.213
21.213;33.1992;106.254;21.213
21.213;33.1992;106.9862;21.213
21.213;33.1992;110.4945;21.213
21.213;33.2307;110.9243;21.213
21.213;33.2307;118.8946;21.213
21.213;33.2307;123.2396;21.213
21.213;33.256;123.8979;21.213
21.213;33.256;127.9173;21.213
21.213;33.256;149.5162;21.213
21.213;33.256;157.4362;21.213
21.23;33.256;157.477;21.213
22.23;33.256;165.0418;21.213
23.12;33.2768;165.1033;21.213
23.38;33.7612;171.0388;21.213
23.48;33.7612;176.1864;21.213
25.58;33.851;204.742;21.213
27.82;33.851;253.1376;21.213
30.31;33.8514;305.0984;21.213
30.68;33.8514;367;21.213
33.023;33.8514;561.1419;21.213
33.8514;33.8514;;21.213
33.8514;33.8514;;21.213
33.8514;33.8514;;21.213
33.8514;33.8514;;21.213
33.8514;33.8514;;21.213
33.8514;33.8514;;21.213
33.8514;33.8514;;21.213
33.8514;33.8514;;21.213
33.8514;33.8514;;21.213
33.8514;33.8514;;21.213
33.8514;33.8514;;21.213
33.8514;33.8514;;21.213
33.8514;33.8514;;21.213
33.8514;33.8514;;21.213
33.8514;33.8514;;21.213
33.8514;33.8514;;21.213
33.8514;33.8514;;21.213
33.8514;33.8514;;21.213
33.8514;33.8514;;21.213
33.8514;33.8514;;21.213
33.8514;33.8514;;21.213
33.8514;33.8514;;21.213
33.8514;33.8514;;21.213
33.8514;33.8514;;21.213
33.8514;33.8514;;21.213
33.8514;33.8514;;21.213
33.8514;33.8514;;21.213
33.8514;33.8514;;21.213
33.8514;33.8514;;21.213
33.8514;33.8514;;21.213
34.51;33.8514;;21.213
34.847;33.8514;;21.213
34.847;33.8514;;21.213
35.11;33.8514;;21.213
35.427;33.8514;;21.213
35.7641;33.8514;;21.213
35.7641;33.8514;;21.213
35.7641;33.8514;;21.213
35.8426;33.8514;;21.213
35.8426;33.8514;;21.213
35.8426;33.8514;;21.213
35.8426;33.8514;;21.213
35.8426;33.8514;;21.213
35.8426;33.8514;;21.213
35.8426;33.8514;;21.213
35.8426;33.8514;;21.213
35.8426;33.8514;;21.213
35.8426;33.8514;;21.213
35.8426;33.8514;;21.213
35.8426;33.8514;;21.213
35.8426;33.8514;;21.213
35.8426;33.8514;;21.213
35.8426;33.8514;;21.213
35.8426;33.8514;;21.213
35.8426;33.8514;;21.213
35.8426;33.92;;21.213
35.8426;33.92;;21.213
35.8426;33.92;;21.213
35.8426;34.155;;21.213
35.8426;34.165;;21.213
35.8426;34.2799;;21.213
35.8426;34.4622;;21.213
35.8426;34.5391;;21.213
35.8426;34.5391;;21.213
35.8426;34.6303;;21.213
35.8426;34.6303;;21.213
35.8426;34.6303;;21.213
35.8426;34.6303;;21.213
35.8426;34.7917;;21.213
35.8426;34.8362;;21.213
35.8426;34.98;;21.213
35.8426;34.98;;21.213
35.8426;35.1912;;21.213
35.8426;35.358;;21.213
35.8426;35.358;;21.213
35.8426;35.485;;21.213
35.8426;35.5859;;21.213
35.8426;35.5859;;21.213
35.8426;35.5859;;21.213
35.8426;35.5859;;21.213
35.8426;35.5859;;21.213
35.8426;35.5859;;21.213
35.8426;35.5859;;21.213
35.8426;35.5859;;21.213
35.8426;35.5859;;21.213
35.8426;35.5859;;21.213
35.8426;35.5859;;21.213
35.8426;35.5859;;21.213
35.8426;35.5859;;21.213
35.8426;35.7529;;21.213
35.8426;35.8041;;21.213
36.5794;35.8426;;21.213
36.5794;36.104;;21.213
36.5794;36.62;;21.213
36.5794;36.6203;;21.213
36.5794;37.28;;21.213
36.5794;38.2757;;21.213
36.5794;38.2757;;21.213
36.5794;38.2757;;21.213
36.5794;38.2757;;21.213
36.5794;38.2757;;21.213
36.5794;38.6712;;21.213
36.5794;38.6712;;21.213
36.5794;38.6712;;21.213
36.5794;38.6712;;21.213
36.5794;38.6712;;21.213
36.5794;38.6712;;21.213
36.5794;38.6712;;21.213
36.5794;38.6712;;21.213
36.5794;38.8923;;21.213
36.5794;38.8923;;21.213
36.5794;38.8923;;21.213
36.5794;38.8923;;21.213
36.5794;40.044;;21.213
36.5794;40.1259;;21.213
36.5794;40.459;;21.213
36.5794;40.459;;21.213
36.5794;40.9741;;21.213
36.5794;40.9741;;21.213
36.5794;41.4303;;21.213
36.5794;41.4303;;21.213
36.5794;41.4303;;21.213
36.5794;41.4303;;21.213
36.5794;42.4932;;21.213
36.5794;42.528;;21.213
36.5794;42.771;;21.213
36.5794;43.3659;;21.213
36.5794;43.3659;;21.213
36.5794;44.0994;;21.213
36.5794;44.0994;;21.213
36.5794;44.197;;21.213
36.5794;44.4903;;21.213
36.5794;44.4903;;21.213
36.5794;44.4995;;21.213
36.5794;44.4995;;21.213
36.5794;44.4995;;21.213
36.6944;44.4995;;21.213
37.0009;45.1217;;21.213
37.0945;45.122;;21.213
37.23;45.3004;;21.213
37.5384;45.3004;;21.213
37.6862;45.3755;;21.213
37.6862;45.3755;;21.213
37.6862;45.3755;;21.213
38.8529;45.3755;;21.213
38.93;45.3755;;21.213
38.936;45.3755;;21.213
40.0733;45.5781;;21.213
40.107;46.032;;21.213
40.107;46.711;;21.213
40.107;46.774;;21.213
40.107;46.863;;21.213
40.107;46.873;;21.213
40.107;47.0917;;21.213
40.107;47.115;;21.213
40.107;47.207;;21.213
40.107;47.266;;21.213
40.107;47.2764;;21.213
40.107;47.352;;21.213
40.107;47.3745;;21.213
40.107;47.3919;;21.213
40.107;47.3919;;21.213
40.107;47.3919;;21.213
40.107;47.3919;;21.213
40.107;47.3919;;21.213
40.107;47.3919;;21.213
40.107;47.3919;;21.213
40.107;47.3919;;21.213
40.4921;47.3919;;21.213
40.641;47.3919;;21.213
40.6974;47.3919;;21.213
40.7696;47.3919;;21.213
41.0091;47.3919;;21.213
41.0091;47.3919;;21.213
41.0091;47.474;;21.213
41.0091;47.474;;21.213
41.0091;47.474;;21.213
41.3798;47.474;;21.213
41.8207;47.474;;21.213
43.3734;47.474;;21.213
43.4214;47.553;;21.213
43.4214;47.96;;21.213
43.4214;47.97;;21.213
43.4923;48.02;;21.213
43.8831;48.3179;;21.213
44.3229;48.6687;;21.213
44.7228;48.7371;;21.213
44.7228;48.8193;;21.213
44.7228;49.6484;;21.213
45.2889;50.0282;;21.213
45.29;50.1632;;21.213
45.318;51.358;;21.213
45.32;51.479;;21.213
45.701;51.5973;;21.213
46.1659;51.5973;;21.213
46.297;51.7231;;21.213
46.38;51.7231;;21.213
46.786;51.9473;;21.213
47.1073;51.9473;;21.213
47.2226;51.9473;;21.213
47.2226;51.9473;;21.213
47.4724;51.966;;21.213
47.4724;52.1708;;21.213
47.4724;52.3551;;21.213
47.4724;52.4883;;21.213
47.4724;52.8859;;21.213
47.4724;53.039;;21.213
47.4724;53.367;;21.213
47.4724;53.4217;;21.213
47.4724;53.443;;21.213
47.4724;54.7226;;21.213
47.4724;54.9189;;21.213
47.4724;55.0436;;21.213
47.4724;55.0954;;21.213
47.4724;55.0954;;21.213
47.4724;55.98;;21.213
47.4724;56.5285;;21.213
47.4724;56.5285;;21.213
47.4724;56.5285;;21.213
47.4726;56.5285;;21.213
47.6498;57.451;;21.213
47.9378;57.451;;21.213
48.1728;57.7368;;21.213
48.1728;57.74;;21.213
48.1728;57.8492;;21.213
48.1728;57.8492;;21.213
48.1728;57.937;;21.213
48.278;58.469;;21.213
48.6292;58.507;;21.213
48.6292;58.8932;;21.213
48.6292;58.9009;;21.213
48.6292;59.2986;;21.213
48.6292;59.5113;;21.213
48.6292;60.2228;;21.213
48.6292;60.2228;;21.213
48.6292;60.313;;21.213
48.6292;60.36;;21.213
48.6664;60.6627;;21.213
48.7263;62.3371;;21.213
48.8016;62.459;;21.213
48.8016;63.7457;;21.213
48.8442;64.071;;21.213
48.8442;64.6888;;21.213
48.8442;64.6888;;21.213
48.8442;64.781;;21.213
49.0686;65.1272;;21.213
49.0686;65.543;;21.213
49.0859;66.5357;;21.213
49.6862;66.5357;;21.213
49.6862;66.6431;;21.213
49.6862;66.824;;21.213
49.6862;66.937;;21.213
49.6862;67.364;;21.213
49.6862;67.364;;21.213
49.6862;67.4224;;21.213
49.6862;67.4224;;21.213
49.6862;67.809;;21.213
49.6862;67.8541;;21.213
49.7923;67.8541;;21.213
49.8855;68.228;;21.213
49.8855;68.4303;;21.213
49.8855;68.4303;;21.213
49.95;68.925;;21.213
50.3351;69.0482;;21.213
50.3351;69.2372;;21.213
50.3351;69.5834;;21.213
50.3351;69.5834;;21.213
50.3669;70.1061;;21.213
50.4151;70.1061;;21.213
50.4151;70.2837;;21.213
50.4234;72.0258;;21.213
50.5377;72.027;;21.213
50.7566;72.7101;;21.213
50.7771;73.2377;;21.213
50.7771;73.2377;;21.213
50.7771;73.4934;;21.213
50.7771;73.4934;;21.213
50.7771;73.6424;;21.213
50.7771;73.6424;;21.213
50.7771;74.53;;21.213
50.7771;74.664;;21.213
50.7771;74.7103;;21.213
50.7788;75.438;;21.213
51.4053;75.669;;21.213
51.782;75.977;;21.213
52.338;76.3298;;21.213
53.0862;76.5745;;21.213
53.4959;76.5774;;21.213
53.7639;77.325;;21.213
53.7639;79.7265;;21.213
53.7639;80.1659;;21.213
53.7639;80.856;;21.213
53.7639;81.35;;21.213
53.8664;81.3828;;21.213
53.9497;82.388;;21.213
53.9497;82.388;;21.213
53.9497;82.727;;21.213
53.9497;83.694;;21.213
54.46;83.731;;21.213
54.654;84.5209;;21.213
54.7596;86.9231;;21.213
54.8177;86.9231;;21.213
54.8177;87.0365;;21.213
55.2182;87.6917;;21.213
55.4279;89.1713;;21.213
55.7104;89.1713;;21.213
55.824;90.523;;21.213
55.9455;90.585;;21.213
55.9455;92.48;;21.213
55.9455;95.664;;21.213
55.9455;99.312;;21.213
56.0849;102.145;;21.213
56.3634;103.631;;21.213
56.5064;104.2136;;21.213
57.1056;105.051;;21.213
57.3806;107;;21.213
57.9206;110.3908;;21.213
57.9776;110.3908;;21.213
58.3288;113.6212;;21.213
58.3288;113.6212;;21.213
58.7917;116.4649;;21.213
58.9289;116.601;;21.213
59.019;116.65;;21.213
59.2379;117.56;;21.213
59.2529;119.6088;;21.213
59.2744;119.6088;;21.213
59.6047;120.836;;21.213
60.1905;123.7021;;21.213
60.392;127.5761;;21.213
60.7199;128.547;;21.213
61.32;132.987;;21.213
61.5882;139.4766;;21.213
61.6251;139.4766;;21.213
61.8809;143.689;;21.213
61.8809;147.0798;;21.213
61.9313;189.5301;;21.213
62;261.329;;21.213
62;322.687;;21.213
62.3869;350.08;;21.213
62.3869;512.64;;21.213
62.3869;749;;21.213
62.3869;757.6887;;21.213
62.6329;939;;21.213
62.7842;1382;;21.213
62.8704;1494;;21.213
62.9812;;;21.213
63.0277;;;21.213
63.0965;;;21.213
63.6635;;;21.213
63.6998;;;21.213
64.2967;;;21.213
64.2967;;;21.213
64.2967;;;21.213
64.3357;;;21.213
64.4239;;;21.213
64.4239;;;21.213
64.7781;;;21.213
64.8695;;;21.213
64.9974;;;21.213
65.2905;;;21.213
65.4124;;;21.213
65.5061;;;21.213
65.8721;;;21.213
65.8964;;;21.213
66.0591;;;21.213
66.3901;;;21.213
66.699;;;21.213
66.9535;;;21.213
67.0865;;;21.213
67.5213;;;21.213
67.5537;;;21.213
67.5953;;;21.213
67.5953;;;21.213
67.7028;;;21.213
67.74;;;21.213
68.12;;;21.213
68.753;;;21.213
68.7615;;;21.213
69.3077;;;21.213
69.4022;;;21.213
70.0997;;;21.213
70.5691;;;21.213
70.9843;;;21.213
71.093;;;21.213
71.4287;;;21.213
72.4047;;;21.213
72.544;;;21.213
72.6466;;;21.213
72.6484;;;21.213
72.7215;;;21.213
73.0096;;;21.213
73.3466;;;21.213
74.0072;;;21.213
74.0383;;;21.213
74.091;;;21.213
75.2145;;;21.213
75.48;;;21.213
75.7357;;;21.213
76.9249;;;21.213
76.9307;;;21.213
77.0759;;;21.213
77.2332;;;21.213
77.3443;;;21.213
77.3813;;;21.213
77.8585;;;21.213
77.8952;;;21.213
78.4014;;;21.213
78.6459;;;21.213
78.8137;;;21.213
78.8987;;;21.213
79.0532;;;21.213
80.3283;;;21.213
80.5725;;;21.213
80.763;;;21.213
80.98;;;21.213
81.0468;;;21.213
81.0565;;;21.213
81.9722;;;21.213
81.9927;;;21.213
82.6122;;;21.213
84.4874;;;21.213
84.5759;;;21.213
86.4311;;;21.213
86.6384;;;21.213
88.796;;;21.213
89.6972;;;21.213
89.786;;;21.213
90.2314;;;21.213
90.4129;;;21.213
90.5078;;;21.213
91.3708;;;21.213
91.7293;;;21.213
92.6578;;;21.213
93.5082;;;21.213
93.5629;;;21.213
93.62;;;21.213
94.3426;;;21.213
94.5216;;;21.213
94.53;;;21.213
94.6246;;;21.213
97.9572;;;21.213
98.2407;;;21.213
98.365;;;21.213
99.1291;;;21.213
100.1521;;;21.213
102.1104;;;21.213
102.1186;;;21.213
103.95;;;21.213
107.2374;;;21.213
110.3812;;;21.213
110.9255;;;21.213
114.0517;;;21.213
115.984;;;21.213
117.8554;;;21.213
118.055;;;21.213
119.4485;;;21.213
119.891;;;21.213
120.8088;;;21.213
121.9688;;;21.213
122.0409;;;21.213
125.9227;;;21.213
127.1243;;;21.213
128.8143;;;21.213
133.7033;;;21.213
135.168;;;21.213
137.73;;;21.213
144.852;;;21.213
162.9534;;;21.213
344;;;21.213
447;;;21.213
502.43;;;21.213
;;;21.213
;;;21.213
;;;21.213
;;;21.213
;;;21.213
;;;21.213
;;;21.213
;;;21.213
;;;21.213
;;;21.213
;;;21.213
;;;21.213
;;;21.213
;;;21.213
;;;21.213
;;;21.213
;;;21.213
;;;21.213
;;;21.213
;;;21.213
;;;21.213
;;;21.213
;;;21.213
;;;21.213
;;;21.213
;;;21.213
;;;21.213
;;;21.213
;;;21.213
;;;21.213
;;;21.213
;;;21.213
;;;21.213
;;;21.213
;;;21.213
;;;21.213
;;;21.213
;;;21.213
;;;21.213
;;;21.213
;;;21.213
;;;21.213
;;;21.213
;;;21.213
;;;21.213
;;;21.213
;;;21.213
;;;21.213
;;;21.213
;;;21.213
;;;21.213
;;;21.213
;;;21.213
;;;21.213
;;;21.213
;;;21.213
;;;21.213
;;;21.213
;;;21.213
;;;21.213
;;;21.213
;;;32.8256
;;;32.9624
;;;32.9624
;;;32.9624
;;;32.9624
;;;32.9624
;;;32.9624
;;;32.9624
;;;32.9624
;;;32.9624
;;;32.9624
;;;32.9624
;;;32.9624
;;;32.9624
;;;32.9624
;;;32.9624
;;;32.9624
;;;32.9624
;;;32.9624
;;;32.9624
;;;32.9624
;;;32.9624
;;;32.9624
;;;32.9624
;;;32.9624
;;;32.9624
;;;32.9624
;;;32.9624
;;;32.9624
;;;32.9624
;;;32.9624
;;;32.9624
;;;32.9624
;;;32.9624
;;;32.9624
;;;32.9624
;;;32.9624
;;;32.9624
;;;32.9624
;;;32.9624
;;;32.9624
;;;32.9624
;;;32.9624
;;;32.9624
;;;32.9624
;;;32.9624
;;;32.9624
;;;32.9624
;;;32.9624
;;;33.0302
;;;33.0302
;;;33.0302
;;;33.0302
;;;33.0302
;;;33.0302
;;;33.0302
;;;33.0302
;;;33.0302
;;;33.0302
;;;33.0302
;;;33.0302
;;;33.0302
;;;33.0984
;;;33.8175
;;;33.8203
;;;33.8203
;;;33.8203
;;;33.8203
;;;33.8203
;;;33.8203
;;;33.8203
;;;33.8203
;;;33.8203
;;;33.8203
;;;33.8203
;;;33.8203
;;;33.8203
;;;33.8203
;;;33.8203
;;;33.8203
;;;33.8203
;;;33.8203
;;;33.8203
;;;33.8203
;;;33.8203
;;;33.8203
;;;33.8203
;;;33.8203
;;;33.8203
;;;33.8203
;;;33.8203
;;;33.8203
;;;33.8203
;;;33.8203
;;;33.8203
;;;33.8203
;;;33.8203
;;;33.8203
;;;33.8203
;;;33.8203
;;;33.8203
;;;33.8203
;;;33.8203
;;;33.8203
;;;33.8203
;;;33.8203
;;;33.8203
;;;33.8203
;;;33.8203
;;;33.8203
;;;33.8203
;;;33.8203
;;;33.8203
;;;33.8203
;;;33.8203
;;;33.8514
;;;34.7831
;;;34.7831
;;;34.7831
;;;34.7831
;;;34.7831
;;;34.7831
;;;34.7831
;;;34.7831
;;;34.7831
;;;34.815
;;;34.815
;;;34.815
;;;34.815
;;;34.815
;;;34.815
;;;34.815
;;;34.815
;;;34.815
;;;34.815
;;;34.815
;;;34.815
;;;34.815
;;;34.815
;;;34.815
;;;34.815
;;;34.815
;;;34.815
;;;34.815
;;;34.815
;;;34.815
;;;34.815
;;;34.815
;;;34.9633
;;;34.9633
;;;34.9633
;;;34.9633
;;;34.9633
;;;34.9633
;;;34.9633
;;;34.9633
;;;34.9633
;;;34.9633
;;;34.9633
;;;34.9965
;;;35.0117
;;;35.0117
;;;35.0117
;;;35.0117
;;;35.0117
;;;35.0117
;;;35.0117
;;;35.0117
;;;35.0117
;;;35.0117
;;;35.0117
;;;35.0875
;;;35.0875
;;;35.0875
;;;35.0875
;;;35.0875
;;;35.0875
;;;35.0875
;;;35.0875
;;;35.0875
;;;35.0875
;;;35.0875
;;;35.0875
;;;35.0875
;;;35.0875
;;;35.0875
;;;35.0875
;;;35.0875
;;;35.0875
;;;35.0875
;;;35.0875
;;;35.0875
;;;35.0875
;;;35.0875
;;;35.0875
;;;35.0875
;;;35.0875
;;;35.0875
;;;35.0875
;;;35.0875
;;;35.0875
;;;35.0875
;;;35.0875
;;;35.0875
;;;35.0875
;;;35.0875
;;;35.0875
;;;35.0875
;;;35.0875
;;;35.0875
;;;35.0875
;;;35.105
;;;35.1209
;;;35.1209
;;;35.1209
;;;35.1209
;;;35.1209
;;;35.1209
;;;35.1209
;;;35.1696
;;;35.1696
;;;35.1696
;;;35.1696
;;;35.1696
;;;35.1696
;;;35.1696
;;;35.2832
;;;35.2832
;;;35.2832
;;;35.2832
;;;35.2832
;;;35.2832
;;;35.2832
;;;35.2832
;;;35.2832
;;;35.2832
;;;35.3321
;;;35.3321
;;;35.3321
;;;35.3321
;;;35.3321
;;;35.3321
;;;35.3321
;;;35.371
;;;35.5214
;;;35.5214
;;;35.5214
;;;35.5214
;;;35.5214
;;;35.5214
;;;35.5214
;;;35.5512
;;;35.5512
;;;35.6533
;;;35.6533
;;;35.6533
;;;35.6533
;;;35.6815
;;;35.6815
;;;35.6815
;;;35.6815
;;;35.6815
;;;35.6815
;;;35.7114
;;;35.7769
;;;35.7769
;;;35.7769
;;;35.7769
;;;35.7769
;;;35.7769
;;;35.7769
;;;35.7769
;;;35.7769
;;;35.7871
;;;35.8097
;;;35.8097
;;;35.8097
;;;35.8097
;;;35.8097
;;;35.8097
;;;35.8097
;;;35.8097
;;;35.8097
;;;35.8097
;;;35.8097
;;;35.8097
;;;35.8097
;;;35.8097
;;;35.8097
;;;35.8097
;;;35.8097
;;;35.8097
;;;35.8097
;;;35.8097
;;;35.8097
;;;35.8097
;;;35.8097
;;;35.8097
;;;35.8097
;;;35.8097
;;;35.8097
;;;35.8097
;;;35.8097
;;;35.8097
;;;35.8097
;;;35.8097
;;;35.8097
;;;35.8097
;;;35.8097
;;;35.8097
;;;35.8097
;;;35.8097
;;;35.8097
;;;35.8097
;;;35.8097
;;;35.8097
;;;35.8097
;;;35.8097
;;;35.8097
;;;35.8097
;;;35.8097
;;;35.8097
;;;35.8097
;;;35.8097
;;;35.8097
;;;35.8097
;;;35.8097
;;;35.8097
;;;35.8097
;;;35.8097
;;;35.8097
;;;35.8097
;;;35.8097
;;;35.8097
;;;35.8097
;;;35.8097
;;;35.8097
;;;35.8097
;;;35.8097
;;;35.8097
;;;35.814
;;;35.814
;;;35.8426
;;;35.8426
;;;35.8464
;;;35.8464
;;;35.8464
;;;35.8464
;;;35.8464
;;;35.8464
;;;35.8464
;;;35.8464
;;;35.8464
;;;35.8464
;;;35.8765
;;;35.8765
;;;35.9111
;;;35.9422
;;;35.9422
;;;35.9422
;;;35.9795
;;;35.9795
;;;35.9795
;;;35.9795
;;;35.9795
;;;35.9795
;;;36.0825
;;;36.0825
;;;36.0825
;;;36.0825
;;;36.259
;;;36.259
;;;36.259
;;;36.259
;;;36.259
;;;36.259
;;;36.259
;;;36.259
;;;36.259
;;;36.259
;;;36.259
;;;36.259
;;;36.259
;;;36.4031
;;;36.4225
;;;36.4225
;;;36.4225
;;;36.4358
;;;36.4358
;;;36.4358
;;;36.4358
;;;36.4358
;;;36.4626
;;;36.4921
;;;36.4921
;;;36.4921
;;;36.4921
;;;36.5458
;;;36.5458
;;;36.5458
;;;36.5458
;;;36.5458
;;;36.5458
;;;36.5458
;;;36.5458
;;;36.5458
;;;36.5458
;;;36.5578
;;;36.5672
;;;36.5794
;;;36.5794
;;;36.5794
;;;36.5794
;;;36.5794
;;;36.5908
;;;36.5908
;;;36.5908
;;;36.5908
;;;36.5908
;;;36.6001
;;;36.6001
;;;36.6001
;;;36.6001
;;;36.6001
;;;36.6001
;;;36.6001
;;;36.6056
;;;36.6056
;;;36.6056
;;;36.6607
;;;36.6607
;;;36.6903
;;;36.7362
;;;36.7362
;;;36.7362
;;;36.7362
;;;36.7692
;;;36.7692
;;;36.7692
;;;36.7692
;;;36.7692
;;;36.7692
;;;36.7707
;;;36.7707
;;;36.8044
;;;36.8044
;;;36.8044
;;;36.8044
;;;36.8044
;;;36.8044
;;;36.8044
;;;36.826
;;;36.826
;;;36.8557
;;;36.8557
;;;36.8603
;;;36.8767
;;;36.8767
;;;36.8767
;;;36.9293
;;;36.9293
;;;36.9406
;;;36.9406
;;;36.9406
;;;36.9406
;;;36.9669
;;;36.9669
;;;37.026
;;;37.026
;;;37.0264
;;;37.0264
;;;37.0264
;;;37.0604
;;;37.0824
;;;37.0824
;;;37.0824
;;;37.0958
;;;37.1392
;;;37.1975
;;;37.1975
;;;37.1975
;;;37.2142
;;;37.2142
;;;37.2142
;;;37.2291
;;;37.2495
;;;37.2672
;;;37.2672
;;;37.4217
;;;37.4248
;;;37.4482
;;;37.4482
;;;37.4482
;;;37.4482
;;;37.4482
;;;37.4482
;;;37.4482
;;;37.5379
;;;37.5465
;;;37.5465
;;;37.5465
;;;37.5935
;;;37.7672
;;;37.7672
;;;37.7909
;;;37.7909
;;;37.7909
;;;37.7909
;;;37.8406
;;;37.8406
;;;37.8406
;;;37.8406
;;;37.8406
;;;37.8406
;;;37.8406
;;;37.8406
;;;37.8406
;;;37.8406
;;;37.8406
;;;37.8406
;;;37.8406
;;;38.6904
;;;39.2763
;;;39.5128
;;;39.5277
;;;39.7755
;;;39.7755
;;;39.8936
;;;39.9548
;;;39.9548
;;;39.9548
;;;39.9942
;;;40.0702
;;;40.0702
;;;40.0702
;;;40.0702
;;;40.0702
;;;40.0702
;;;40.0702
;;;40.0702
;;;40.0702
;;;40.0702
;;;40.0702
;;;40.0702
;;;40.0702
;;;40.1236
;;;40.1395
;;;40.2173
;;;40.4528
;;;40.4528
;;;40.4528
;;;40.4528
;;;40.4528
;;;40.4528
;;;40.4528
;;;40.4528
;;;40.4528
;;;40.4528
;;;40.4528
;;;40.4646
;;;40.4801
;;;40.5853
;;;40.5853
;;;40.5853
;;;40.5853
;;;40.6037
;;;40.6037
;;;40.6037
;;;40.6037
;;;40.6442
;;;40.6442
;;;40.6601
;;;40.7203
;;;40.9714
;;;41.0745
;;;41.1038
;;;41.1345
;;;41.1345
;;;41.1456
;;;41.3624
;;;41.3798
;;;41.5535
;;;42.218
;;;42.3042
;;;42.4083
;;;42.4406
;;;42.5424
;;;42.5424
;;;42.6043
;;;42.7679
;;;42.7823
;;;42.8139
;;;42.8856
;;;42.9899
;;;43.0958
;;;43.3832
;;;43.74
;;;43.7503
;;;43.9194
;;;43.9363
;;;44.756
;;;45.3874
;;;45.5449
;;;45.8786
;;;45.8786
;;;45.8786
;;;45.8786
;;;45.9232
;;;45.9603
;;;45.9936
;;;45.9936
;;;45.9936
;;;46.036
;;;46.0855
;;;46.0969
;;;46.1169
;;;46.201
;;;46.2205
;;;46.2761
;;;46.2994
;;;46.3112
;;;46.316
;;;46.325
;;;46.3607
;;;46.4573
;;;46.4573
;;;46.5713
;;;46.673
;;;46.7399
;;;46.7516
;;;46.7941
;;;46.8055
;;;46.8099
;;;46.8099
;;;46.8308
;;;46.9228
;;;46.9515
;;;46.9763
;;;46.9777
;;;47.132
;;;47.139
;;;47.139
;;;47.1685
;;;47.186
;;;47.186
;;;47.2382
;;;47.2656
;;;47.2656
;;;47.3264
;;;47.3264
;;;47.3264
;;;47.364
;;;47.3922
;;;47.4972
;;;47.5
;;;47.5398
;;;47.5398
;;;47.5633
;;;47.5775
;;;47.5775
;;;47.5775
;;;47.6178
;;;47.6245
;;;47.6245
;;;47.6543
;;;47.7154
;;;47.7159
;;;47.7533
;;;47.7533
;;;47.7829
;;;47.7934
;;;47.7974
;;;47.8899
;;;47.9087
;;;47.9544
;;;47.9544
;;;48.1404
;;;48.1823
;;;48.1939
;;;48.2563
;;;48.2563
;;;48.2563
;;;48.2563
;;;48.265
;;;48.3094
;;;48.316
;;;48.3372
;;;48.3495
;;;48.3495
;;;48.3495
;;;48.4121
;;;48.4318
;;;48.4482
;;;48.4482
;;;48.4487
;;;48.4704
;;;48.4738
;;;48.4738
;;;48.5172
;;;48.5172
;;;48.5634
;;;48.5634
;;;48.5798
;;;48.5945
;;;48.5991
;;;48.6465
;;;48.6996
;;;48.7008
;;;48.7016
;;;48.7871
;;;48.7919
;;;48.7923
;;;48.8004
;;;48.8118
;;;48.8265
;;;48.8376
;;;48.8816
;;;48.9
;;;48.9139
;;;48.9283
;;;48.9538
;;;48.9547
;;;48.9649
;;;48.9649
;;;48.9649
;;;48.9649
;;;48.9962
;;;48.9962
;;;49.0006
;;;49.0204
;;;49.0204
;;;49.0235
;;;49.0259
;;;49.0655
;;;49.0763
;;;49.1036
;;;49.1472
;;;49.1588
;;;49.1856
;;;49.2053
;;;49.2154
;;;49.2278
;;;49.325
;;;49.3288
;;;49.376
;;;49.3801
;;;49.3944
;;;49.4129
;;;49.4129
;;;49.4129
;;;49.4129
;;;49.4327
;;;49.4507
;;;49.453
;;;49.453
;;;49.453
;;;49.453
;;;49.4689
;;;49.4693
;;;49.4829
;;;49.4829
;;;49.4938
;;;49.5048
;;;49.52
;;;49.5469
;;;49.5469
;;;49.5469
;;;49.5529
;;;49.5529
;;;49.577
;;;49.6151
;;;49.6297
;;;49.6341
;;;49.6405
;;;49.6405
;;;49.6405
;;;49.6494
;;;49.6759
;;;49.6862
;;;49.7304
;;;49.7304
;;;49.7304
;;;49.7383
;;;49.7477
;;;49.75
;;;49.7703
;;;49.7703
;;;49.7703
;;;49.7728
;;;49.8049
;;;49.8409
;;;49.8906
;;;49.9306
;;;49.9357
;;;49.972
;;;50.0003
;;;50.0003
;;;50.0003
;;;50.0003
;;;50.0051
;;;50.0064
;;;50.0247
;;;50.0353
;;;50.0691
;;;50.0691
;;;50.0838
;;;50.1227
;;;50.1671
;;;50.2734
;;;50.2776
;;;50.3761
;;;50.4278
;;;50.4454
;;;50.4684
;;;50.4825
;;;50.4931
;;;50.4931
;;;50.5068
;;;50.5201
;;;50.5246
;;;50.5302
;;;50.5856
;;;50.7304
;;;50.7304
;;;50.7304
;;;50.7716
;;;50.936
;;;50.9824
;;;51.0173
;;;51.0173
;;;51.0479
;;;51.1728
;;;51.4418
;;;51.4458
;;;51.6777
;;;51.7339
;;;51.8346
;;;51.8666
;;;51.9023
;;;51.9165
;;;51.9165
;;;51.9165
;;;51.9165
;;;51.9165
;;;52.0624
;;;52.1036
;;;52.1287
;;;52.6218
;;;52.6317
;;;52.6328
;;;52.6385
;;;52.8209
;;;52.8248
;;;53.092
;;;53.161
;;;53.161
;;;53.1693
;;;53.1795
;;;53.2418
;;;53.275
;;;53.2868
;;;53.3334
;;;53.3511
;;;53.4431
;;;53.5378
;;;53.5539
;;;53.5539
;;;53.6475
;;;53.6475
;;;53.7953
;;;53.8518
;;;53.89
;;;53.9116
;;;53.9133
;;;53.9173
;;;53.92
;;;53.9319
;;;54
;;;54.0674
;;;54.1562
;;;54.1562
;;;54.2344
;;;54.329
;;;54.3404
;;;54.4232
;;;54.461
;;;54.5643
;;;54.5854
;;;54.6115
;;;54.6517
;;;54.6517
;;;54.6631
;;;54.8377
;;;54.9045
;;;54.9157
;;;54.9323
;;;54.9479
;;;55.2036
;;;55.3589
;;;55.3716
;;;55.3829
;;;55.4577
;;;55.4741
;;;55.5237
;;;55.5289
;;;55.6264
;;;55.7145
;;;55.8199
;;;55.8941
;;;55.9644
;;;55.9914
;;;56.0598
;;;56.1524
;;;56.2225
;;;56.3135
;;;56.4283
;;;56.5361
;;;56.613
;;;56.675
;;;56.7833
;;;56.8233
;;;56.9275
;;;56.9653
;;;57.1186
;;;57.1279
;;;57.2778
;;;57.291
;;;57.3112
;;;57.5588
;;;57.5688
;;;57.5728
;;;57.6283
;;;57.6752
;;;57.6756
;;;57.6902
;;;57.8675
;;;57.8923
;;;57.9352
;;;57.9436
;;;57.9549
;;;58.0344
;;;58.2034
;;;58.2475
;;;58.2557
;;;58.2815
;;;58.3288
;;;58.3288
;;;58.3288
;;;58.3598
;;;58.4233
;;;58.4752
;;;58.5194
;;;58.6202
;;;58.6587
;;;58.6728
;;;58.7075
;;;58.7123
;;;58.7181
;;;58.7275
;;;58.7423
;;;58.814
;;;58.8766
;;;58.883
;;;58.9383
;;;58.9648
;;;58.9875
;;;59.0081
;;;59.019
;;;59.0311
;;;59.0929
;;;59.1552
;;;59.1719
;;;59.1805
;;;59.2155
;;;59.223
;;;59.3956
;;;59.4518
;;;59.5122
;;;59.5712
;;;59.6714
;;;59.717
;;;59.8109
;;;59.8611
;;;59.9084
;;;60.0181
;;;60.0274
;;;60.0347
;;;60.0407
;;;60.0416
;;;60.0922
;;;60.1114
;;;60.1229
;;;60.187
;;;60.272
;;;60.2938
;;;60.4496
;;;60.4853
;;;60.5079
;;;60.5551
;;;60.6637
;;;60.6717
;;;60.7035
;;;60.7485
;;;60.7502
;;;60.833
;;;60.9197
;;;61.0563
;;;61.0575
;;;61.1162
;;;61.1311
;;;61.1547
;;;61.2589
;;;61.2868
;;;61.4979
;;;61.5307
;;;61.5574
;;;61.5694
;;;61.6595
;;;61.7142
;;;61.7308
;;;61.7401
;;;61.8067
;;;61.9142
;;;62.0148
;;;62.0571
;;;62.1364
;;;62.1777
;;;62.2159
;;;62.3297
;;;62.4367
;;;62.4369
;;;62.4777
;;;62.5871
;;;62.6829
;;;62.6891
;;;62.8338
;;;62.8611
;;;62.8915
;;;62.8977
;;;63.0961
;;;63.5275
;;;63.608
;;;63.8484
;;;63.9404
;;;63.9954
;;;64.183
;;;64.1941
;;;64.312
;;;64.456
;;;64.5141
;;;64.7131
;;;64.7482
;;;64.9916
;;;64.9954
;;;65.0207
;;;65.0871
;;;65.253
;;;65.2549
;;;65.2595
;;;65.266
;;;65.3963
;;;66.1997
;;;66.2094
;;;66.2352
;;;66.2352
;;;66.3383
;;;66.7829
;;;66.8942
;;;66.9441
;;;67.1713
;;;67.2654
;;;67.2654
;;;67.269
;;;67.351
;;;67.3798
;;;67.4155
;;;67.498
;;;67.5774
;;;67.5845
;;;67.5873
;;;67.6225
;;;67.6639
;;;67.705
;;;67.7228
;;;67.7679
;;;67.8449
;;;67.9863
;;;68.0617
;;;68.1472
;;;68.2563
;;;68.5619
;;;68.8484
;;;69.2301
;;;69.2381
;;;69.2451
;;;69.5302
;;;69.5326
;;;69.658
;;;69.7071
;;;69.8091
;;;69.8677
;;;69.9435
;;;69.9835
;;;69.9968
;;;70.092
;;;70.1855
;;;70.2371
;;;70.381
;;;70.39
;;;70.4138
;;;70.4401
;;;70.4713
;;;70.487
;;;70.5909
;;;70.7384
;;;70.8047
;;;71.0025
;;;71.0765
;;;71.0805
;;;71.1039
;;;71.1273
;;;71.1739
;;;71.435
;;;71.452
;;;71.4893
;;;71.497
;;;71.6378
;;;71.7827
;;;71.8565
;;;71.8713
;;;71.9618
;;;71.996
;;;72.0797
;;;72.2176
;;;72.3038
;;;72.4322
;;;72.6471
;;;72.7676
;;;72.7798
;;;72.8135
;;;72.8276
;;;73.083
;;;73.3774
;;;73.4226
;;;73.4526
;;;73.6974
;;;73.7043
;;;73.8353
;;;73.8943
;;;73.9281
;;;73.9452
;;;73.9895
;;;73.9908
;;;74.1195
;;;74.1969
;;;74.2483
;;;74.5705
;;;74.67
;;;74.6971
;;;74.7578
;;;74.8037
;;;75.1371
;;;75.1772
;;;75.1869
;;;75.2508
;;;75.4274
;;;75.4645
;;;76.1003
;;;76.1719
;;;76.385
;;;76.8158
;;;76.9338
;;;77.2886
;;;77.3182
;;;77.3897
;;;77.4193
;;;77.5193
;;;77.7261
;;;77.7261
;;;77.8419
;;;77.9219
;;;78.0399
;;;78.0583
;;;78.1771
;;;78.2017
;;;78.2456
;;;78.3443
;;;78.4422
;;;78.4711
;;;78.5499
;;;78.6029
;;;78.7515
;;;78.9537
;;;78.9813
;;;79.2615
;;;79.2739
;;;79.3967
;;;79.6158
;;;79.6953
;;;79.7676
;;;79.9258
;;;80.4722
;;;80.7357
;;;80.8969
;;;80.9691
;;;81.0162
;;;81.1918
;;;81.2482
;;;81.3001
;;;81.5139
;;;81.6319
;;;81.7217
;;;81.8416
;;;81.8738
;;;81.9233
;;;82.0724
;;;82.1159
;;;82.2218
;;;82.3663
;;;82.3663
;;;82.4068
;;;82.6578
;;;82.7176
;;;82.8492
;;;82.96
;;;82.9768
;;;83.3658
;;;83.5641
;;;83.6814
;;;83.8237
;;;83.8423
;;;83.8426
;;;83.8968
;;;84.0582
;;;84.0757
;;;84.1597
;;;84.19
;;;84.2282
;;;84.2643
;;;84.3613
;;;84.5945
;;;85.051
;;;85.1165
;;;85.52
;;;85.6057
;;;85.7066
;;;85.7107
;;;85.9368
;;;85.9375
;;;86.0254
;;;86.2115
;;;87.084
;;;87.2801
;;;87.3341
;;;87.8326
;;;87.8371
;;;88.098
;;;88.4352
;;;88.4995
;;;88.6726
;;;88.769
;;;88.8141
;;;88.9448
;;;89.0258
;;;89.3823
;;;89.4172
;;;89.7063
;;;89.7717
;;;90.1029
;;;90.1354
;;;90.2115
;;;90.6841
;;;90.8652
;;;91.1891
;;;91.5096
;;;91.5926
;;;91.8758
;;;91.9921
;;;91.9934
;;;92.3376
;;;92.4706
;;;92.6249
;;;92.762
;;;92.7631
;;;93.0216
;;;93.3764
;;;93.3837
;;;93.4754
;;;93.7063
;;;93.7222
;;;94.2569
;;;94.3165
;;;94.3725
;;;94.518
;;;94.5561
;;;94.6007
;;;95.0783
;;;95.4009
;;;95.4518
;;;95.4538
;;;95.6451
;;;95.793
;;;95.8358
;;;96.0044
;;;96.4204
;;;96.4295
;;;96.6212
;;;96.6526
;;;97.105
;;;97.34
;;;97.4132
;;;97.625
;;;97.7536
;;;97.8572
;;;97.9136
;;;98.1969
;;;98.2455
;;;98.4101
;;;98.5206
;;;98.525
;;;98.6817
;;;98.732
;;;98.7579
;;;99.443
;;;99.7334
;;;99.8779
;;;100.7416
;;;100.8277
;;;100.8353
;;;101.2564
;;;101.5876
;;;102.273
;;;102.3311
;;;102.5135
;;;102.7141
;;;102.7256
;;;103.0575
;;;103.1353
;;;103.1822
;;;103.3359
;;;103.519
;;;104.2158
;;;104.7034
;;;104.7183
;;;105.497
;;;105.745
;;;105.8158
;;;106.2269
;;;106.6456
;;;106.6716
;;;106.9448
;;;107.1389
;;;108.7382
;;;108.8736
;;;108.9702
;;;109.0813
;;;109.3048
;;;109.3599
;;;109.6034
;;;109.6605
;;;109.691
;;;110.1764
;;;110.2367
;;;110.4552
;;;110.9391
;;;111.146
;;;111.3901
;;;111.7658
;;;112.0151
;;;112.2089
;;;112.3721
;;;112.6049
;;;112.6276
;;;112.8105
;;;113.3528
;;;113.8167
;;;114.2297
;;;114.5162
;;;114.959
;;;115.0192
;;;115.3335
;;;115.4723
;;;115.4864
;;;115.692
;;;115.8557
;;;116.0119
;;;116.504
;;;116.7866
;;;116.8698
;;;118.1757
;;;118.1945
;;;118.4057
;;;118.5111
;;;118.5534
;;;119.1657
;;;119.5732
;;;120.1711
;;;121.0241
;;;121.0728
;;;121.7158
;;;122.2626
;;;122.7253
;;;123.2289
;;;123.7124
;;;124.1842
;;;124.4441
;;;124.481
;;;124.6716
;;;125.1298
;;;126.0263
;;;126.9852
;;;128.7151
;;;128.7936
;;;129.1711
;;;129.7978
;;;130.2268
;;;130.4493
;;;130.5488
;;;130.5864
;;;130.6933
;;;131.0927
;;;131.1529
;;;131.4274
;;;131.5299
;;;131.5505
;;;131.7271
;;;132.4754
;;;133.1457
;;;133.5857
;;;133.8672
;;;133.925
;;;137.7302
;;;138.072
;;;139.9142
;;;140
;;;140.8701
;;;141.2775
;;;141.8867
;;;142.7713
;;;143.086
;;;144.1998
;;;144.2878
;;;144.4558
;;;145.0079
;;;145.328
;;;145.6074
;;;146.361
;;;146.4331
;;;146.4844
;;;146.6213
;;;146.6213
;;;147.0332
;;;147.8547
;;;147.8794
;;;147.9971
;;;149.8103
;;;151.5107
;;;152.3575
;;;153.145
;;;154.0122
;;;154.2837
;;;154.3623
;;;155.0446
;;;156.0639
;;;156.2147
;;;156.6516
;;;157.7121
;;;158.3601
;;;158.4811
;;;160.0286
;;;160.4415
;;;160.865
;;;162.6279
;;;163.3388
;;;163.4401
;;;163.6222
;;;163.8899
;;;164.2581
;;;164.8851
;;;165
;;;165.0592
;;;165.0785
;;;166.4778
;;;166.6838
;;;167.0607
;;;167.0958
;;;168.2419
;;;168.9775
;;;169.529
;;;169.5788
;;;170.4761
;;;170.9353
;;;171.0822
;;;172.133
;;;174.5932
;;;174.8725
;;;175.1084
;;;175.1332
;;;176.9778
;;;178.7065
;;;180.1553
;;;181.5824
;;;182.8252
;;;183.0052
;;;183.4956
;;;183.8312
;;;183.887
;;;185.4089
;;;186.9409
;;;189.4976
;;;192.3851
;;;192.9267
;;;192.9517
;;;193.2311
;;;194.849
;;;195.1399
;;;196.3695
;;;200.5023
;;;203.8279
;;;207.7444
;;;210.2288
;;;213.7051
;;;217.1066
;;;220.5925
;;;223.501
;;;229.4594
;;;232.2861
;;;238.5888
;;;238.7391
;;;240.4301
;;;259.9736
;;;261.4395
;;;274.6414
;;;275.5397
;;;276.3924
;;;287.5402
;;;287.8343
;;;289.009
;;;296.4194
;;;322.8688
;;;363.6282
;;;378.6254
;;;415.9923
;;;472.1987
;;;503.3034
;;;551
;;;593.0766
;;;657.7803